id,first_name,last_name,email
1,Michael,Perez,mperez0@chronoengine.com
2,Shawn,Mccoy,smccoy1@reddit.com
3,Kathleen,Payne,kpayne2@cargocollective.com
4,Jimmy,Cooper,jcooper3@cargocollective.com
5,Katherine,Rice,krice4@typepad.com
6,Sarah,Ryan,sryan5@gnu.org
7,Martin,Mcdonald,mmcdonald6@opera.com
8,Frank,Robinson,frobinson7@wunderground.com
9,Jennifer,Franklin,jfranklin8@mail.ru
10,Henry,Welch,hwelch9@list-manage.com
11,Fred,Howell,fhowella@sfgate.com
12,Amy,Dunn,adunnb@nps.gov
13,Kathleen,Meyer,kmeyerc@cdc.gov
14,Steve,Ferguson,sfergusond@reverbnation.com
15,Teresa,Hill,thille@dion.ne.jp
